﻿id,target,text
1,0,hanya bisa berkata sungguh terpukul hati ini melihat semua yang terjadi di dunia ini
2,0,bertapa bodohnya bapak itu hingga mau saja pergi ke sana sendiri padahal sudah jelas ditipu
3,0,nanti malam ada undangan opening di hungerbelt spazio temani aku laaaahhh siiisssss
4,0,tak kisah pun bf ade kawan perempuan sebab aku pun ade kawan laki tapi kalau over nak ngadu nak cite itu ini send ga
5,0,sudah saya katakan kalau tidak ada salahnya menjadi orang yang egois
6,0,ya allah ya tuhanku kau lindungilah kedua ibu bapaku disaat aku berjauhan dengan mereka
7,0,makanya tadi aku kaget lihat teman kabar nya udah menikah dalam hati kamu kapan taarufnya kok sampai ga tercium kabarnya
8,0,pilih salah satu yang paling kamu nyaman
9,0,Please
10,0,hi semuanya aku adain give away nih give away nya album bts yg love yourself answers yey cukup follow dan retwee
11,0,aku nk walk in ajelah senang
12,0,mau mandi diceramahin dulu sama nyonya besar intinya sama tobat kamu abis iniiap komandan
13,0,aku terhibur hahahahahahahahahahahaha
14,0,Abis dia lakuin itu dia masukin uang aku nggak tahu itu berapa pokoknya uang receh ke dalam satu kemejaku. Sambil masukin yang itu dia bilang kayak 'Makasih ya'
15,0,jumat malam bersama 2 kawan di dalam mobil menuju sebwah apartemen diurabaya barat b gaes sorry ya aku dan a k
16,0,so aku pergi klinik sebab muntah tengok carta organisasi dia buatkan aku nak tergelak apa ni wei
17,0,n aku bagi tips dietebab masa cuti dia just makan nie utk diet and bila naik sem hari tu dia dah kurus giler ka
18,0,aku doakan lelaki yang tengah kerja cari duit untuk pasangan masing masing diberikan kesihatan dan dimurahkan rezekiemo
19,0,Iqbal sudah bisa tersenyum. Bocah lucu itu terlihat senang saat dikunjungi pemerhati anak Seto Mulyadi
20,0,Ia tertawa gembira mendengar suara-suara binatang yang ditirukan dengan mahir oleh seorang pria dewasa ikut bernyanyi ‘Balonku Ada Lima’
21,0,sikaaat ajaaaa sissst sikat bajunya celananya biar bersih wkwk canda ding kalo bisa ga usah sikat sii
22,0,ngantuk aku tidur dulu jangan khawatir besok aku masih mencintaimu seperti biasanya besok aku masih ngirim pesan seperti
23,0,surprise giveaway karena aku gabut dan ingin nambah teman aku mau bagiin pulsa dengan nominal 10rb operator apa aja buat 2
24,0,kenangan yg paling indah itu ialah ketika pertama kali kau cumbui aku sayang
25,1,tolong! Saya mendapatkan pukulan di dada dengan 3 sayatan pada tangan kanan
26,1,ibu memintaku ke toko untuk membeli telur namun pecah saat pulang kepala saya di dipukul dengan gelas kaca dan ditendang hingga lebam di punggung
27,1,suami ku pulang ke rumah dalam keadaan mabuk. Tiba-tiba menjambak rambutku dan mendorongku ke sudut tempat tidur dan menampar wajahku berkali-kali
28,1,saya sudah tidak kuat! Kali ini sangat kelewatan tangan saya disiram air panas hanya karna salah menambahkan bumbu kedalam masakan
29,1,saya mendengar teriakan minta tolong dari rumah sebelah. Saya datang hingga mendapatkan beliau diikat dengan tali dan mulut tersumpal
30,1,sangat kejam! Sang ayah tega memukul anaknya yang masih balita hanya karna mewarnai pakaian kerjanya
31,1,lelah sudah. Tolong bantu saya! Suami marah besar kami di maki dan disekap dalam kamar. Kami bisa keluar setelah pecahkan kaca jendela
32,1,pacarku terlalu posesif sampai ketika cekcok selalu main tangan ada 3 lebam di kaki dan lengan. Saya BILANG CUKUP! Namun tetap saja ujungnya dipukul sakit sekali
33,1,Menemukan anak laki-laki kira2 umur 7 tahun duduk di depan gedung ruko. Dia menangis ketikas q cek tangan nye penuh luka puntung rokok hendak ku gendong nambak perutnya punya lebam cepat ku bawa ke rumah sakit
34,1,aku lari dr rmh. pamanku mencoba menyentuhku lalu aku tolak tpi langsung di pukul dan tendang sakit nian punggung ku karna didorong keras
35,1,Kami menemukan peristiwa pemerkosaan. tapi ini sudah di luar nalar saya sebagai manusia. Karena vaginanya dihancurkan bukan perkosaan dengan menggunakan alat kelamin laki-laki tetapi menggunakan alat
36,1,Kita sempat selisih paham dan baikan sebentar. tpi saat akan tidur cowok q malah mencekik q. q coba dorong dan akhirnya berhasil kabur
37,1,saya menemukan wanita dengan baju yang lusuh dia bilang dia kabur dari suaminya yang memukulinya 7 kali dengan tongkat. kakinya juga ada bekas pecutan sabuk sungguh malang nian
38,1,butuh bantuan cepat!!!! anak ini hampir tak sadarkan diri dia di lempar dan akan dipukul oleh ibunya
39,1,tolong bantu saya!!!! saya dipukulin pake batu
40,1,aku dikatain goblok idiot masih bisa tahan tpi malah nonjok krna ku tolak ajakan tidur
41,1,Selamatkan saya. saya ada di @rayadadakan ia memaki dan bogem wajah saya. saya gk tau salah saya apa
42,1,tolong datang sekarang juga! suami ku berniat perkosa anak ku. dia selalu marah-marah tanpa alasan dan memukuli ku tanpa sebab tolong pliiss tolong
43,1,ada sebuah kecelakaan di jalan @basuki laki-laki yang sedang jalan namun tiba2 memukul cewek ini di bagian punggung dan lari begitu saja. terdapat lebam besar di punggungnya
44,1,saya marah pada diri saya. kalo tau dia akan perkosa anak saya gk aka saya izinkan mereka pergi
45,1,Dia mengancam akan mencekik saya jika saya menolak dan dia akan membunuh anak saya dengan pisau!
46,1,i berada di atas atap rumah. i dikejar dan nak ditarik paksa suruh turun i takut karna di ditendang banyak kali
47,1,bocah itu ditemukan dengan banyak luka lebam di sekujur tubuhnya. Begitu pula dengan luka bekas sundutan rokok dan jeratan tali di lehernya
48,1,bocah itu ditemukan dengan banyak luka lebam di sekujur tubuhnya. Begitu pula dengan luka bekas sundutan rokok dan jeratan tali di lehernya
49,1,bocah itu ditemukan dengan banyak luka lebam di sekujur tubuhnya. Begitu pula dengan luka bekas sundutan rokok dan jeratan tali di lehernya
50,1,bocah itu ditemukan dengan banyak luka lebam di sekujur tubuhnya. Begitu pula dengan luka bekas sundutan rokok dan jeratan tali di lehernya
52,1,bocah itu ditemukan dengan banyak luka lebam di sekujur tubuhnya. Begitu pula dengan luka bekas sundutan rokok dan jeratan tali di lehernya
53,1,bocah itu ditemukan dengan banyak luka lebam di sekujur tubuhnya. Begitu pula dengan luka bekas sundutan rokok dan jeratan tali di lehernya
54,1,bocah itu ditemukan dengan banyak luka lebam di sekujur tubuhnya. Begitu pula dengan luka bekas sundutan rokok dan jeratan tali di lehernya
55,1,bocah itu ditemukan dengan banyak luka lebam di sekujur tubuhnya. Begitu pula dengan luka bekas sundutan rokok dan jeratan tali di lehernya
56,1,bocah itu ditemukan dengan banyak luka lebam di sekujur tubuhnya. Begitu pula dengan luka bekas sundutan rokok dan jeratan tali di lehernya
57,1,bocah itu ditemukan dengan banyak luka lebam di sekujur tubuhnya. Begitu pula dengan luka bekas sundutan rokok dan jeratan tali di lehernya
58,1,bocah itu ditemukan dengan banyak luka lebam di sekujur tubuhnya. Begitu pula dengan luka bekas sundutan rokok dan jeratan tali di lehernya
59,1,bocah itu ditemukan dengan banyak luka lebam di sekujur tubuhnya. Begitu pula dengan luka bekas sundutan rokok dan jeratan tali di lehernya
60,1,Yaz mengalami pendarahan di bagian dalam tubuhnya satu paru-parunya lumpuh ada tanda bekas luka bakar dibagian lehernya sundutan rokok di tangan dan kakinya serta tanda-tanda mengalami kekerasan seksual
61,1,Selain itu ada bekas luka di kaki AD yang menunjukkan masa penyembuhan lukanya lama akibat pukulan benda tumpul
62,1,Luka sobek dan pendarahan hebat menjadi penyebab kematian Dayu Priambarita dan Yoel Immanuel
63,1,Korban Dayu (45) terluka di leher kiri dagu sebelah kanan punggung kiri dada kanan dan bawah ketiak kanan. Sedangkan anaknya Yuel (5) mengalami luka terbuka di leher
64,1,Heri menusukkan pisau ke leher korban
65,1,Setelah PNF melepas sepatunya tangan dan kaki bocah itu diikat menggunakan kabel charger ponsel dan mulutnya disumpal kaos kaki
66,1,Agus selanjutnya mencabuli bocah anak tetangganya itu dan menjerat lehernya dengan kabel
67,1,Rizal pun langsung memaksa korban untuk mau melayani dirinya dengan ancaman akan meninggalkan AAP jika permintaannya tidak dipenuhi
68,1,korban menderita luka lebam pada bagian tangan lengan dan kepala karena dihajar pelaku menggunakan tangan dan kursi
69,1,saat mendapat pertanyaan tersebut korban langsung dianiaya oleh pelaku
70,1,Setelah kembali ke kamar suaminya mengikuti dari belakang lalu dipukul (korban)
71,1,saat pelaku tidak mendapati uang hasil kerja korban untuk membeli rokok pelaku langsung naik pitam dan melakukan penganiayaan di jalan. Bahkan warga sekitar yang mendapati FI dipukuli langsung membawanya ke polisi
72,1,ditanya mana uang dijawab tidak ada langsung dia pukul dengan ditinju matanya
73,1,Luka memar di kepala dagu sobek dan lebam bahkan kaki melepuh adalah penderitaan yang dialaminya
74,1,Korban dicekik oleh pelaku hingga mengakibatkan bekas luka yang nampak jelas
75,1,B masih mengenakan seragam sekolah saat diperiksa oleh gurunya. ia terlihat mengalami banyak luka di sekujur tubuhnya. Bisa dilihat ada beberapa luka lebam dan bekas melepuh karena air panas
76,1,Arie menjerit kesakitan ketika dihujani pukulan oleh kedua orangtuanya karena tak mau mengaku
77,1,Bocah yang mengaku tidak mencuri ini kembali dianiaya. Santi dengan gemas menampari Arie yang berdiri
78,1,Tino mengangkat sapu dan memukuli seluruh tubuh bocah itu. Suara tangis kesakitan Arie pada pukul 22.30
"79,1,Setelah sang ibu tiri giliran Toni datang dan memukul Arie yang sudah sangat lemah itu. ""Berdiri terus di situ"""
80,1,Gagang sapu mulai menghujani tubuh anak malang ini. Toni juga membenturkan kepalanya ke tembok
81,1,Pipi kecil itu ia tampar berkali-kali sekuat tenaga memukulinya dengan gagang sapu mengikat kaki dan tangan si anak kedua disuruh berdiri jongkok sampai ratusan kali
82,1,Rizky tewas akibat menjadi pelampiasan kekecewaan orangtuanya. Dipukuli dibanting
83,1,ditemukan dalam kondisi kurus kering berlumuran darah dan penuh cedera. Ada luka bakar menganga lebar di punggungnya
84,1,Para pelaku yang melihat Yuyun langsung mencegat dan menyekap Yuyun. Kepala Yuyun dipukuli kayu kaki dan tangannya diikat leher dicekik kemudian dicabuli secara bergiliran
85,0,aku menangis terdiam
86,0,sungguh ku merasa resah dengan semua ini
87,0,gatau lagi mau ngisi apa iseng aja min
88,0,Bambang menendang kerikil yang ada di jalanan. 
89,0,coba dengar apa jawabnya ketika dia kutanya mengapa
90,0,buka sitik jos asek asek
91,0,kita ini apa sih? temen? lah kamu maunya apa 
92,0,iya deh kamu paling jago 
93,0,YNTKTS: Yo ndak tau kok tanya saya
94,0,YNTTBS: Yo Ndak Tau Tanya Bapak Saja
95,0,wes sakkarepmu ae lur
96,0,wkwkwkkwkwk gatau dah isi aja 
97,0,sungguh kusayang dia sunggu kucinta dia dia sempurna
98,1,aku ga bermaksud apa apa ketika aku menyinggung tentang mantanya tapi dia tidak suka dengan pertanyaanku dan langsung saja menendangku
99,1,Ayuni seorang balita merintih kesakitan dan menangis saat ibunya menganiayanya bertubi-tubi secara sadis
100,1,aku tidak sengaja mematikan komputernya lalu aku ditampar
101,1,aku harus apa lagi setiap kami bertemu dia selalu memukulku
102,1,tolong aku segera! pacarku sudah tidak lagi sayang kepadaku dia terus memukuliku ketika aku berbuat salah
103,1,aku hanya melakukan kesalahan kecil lalu tiba tiba dia menendangku dan aku terpental lalu mendapatkan luka ini
104,1,dia tidak mendengarkan omonganku kemarin lalu ketika dia tahu dia salah dia malah menamparku
105,1,kami bertengkar hebat lalu dia menendangku sehingga aku mendapatkan luka ini
106,1,selama seminggu ini dia selalu menampar aku ketika aku berbuat salah meskipun hanya sedikit kesalahan yang aku buat
107,1,kemarin aku dan pacarku sedang dalam kondisi yang tidak baik kami bertengkar dan pacarku menamparku dengan keras
108,1,kami memiliki perbedaan pendapat lalu karena dia merasa tidak senang dia menendangku pada bagian perut
109,1,kemarin aku dan pacarku sedang dalam kondisi yang tidak baik kami bertengkar dan pacarku menamparku dengan keras
110,1,kami memiliki perbedaan pendapat lalu karena dia merasa tidak senang dia menendangku pada bagian perut
111,1,pada saat perjalanan pulang kerumah suamiku memarahiku dan memukulku hanya karena aku tidak menjawab teleponnya
112,1,Gadis berinisial SS yang masih berusia enam tahun ditemukan tetangganya dalam kondisi mengenaskan kakinya patah mengalami luka bakar dan ditemukan luka bekas sudutan rokok serta wajah memar
113,0,lembaran foto hitam putih aku coba ingat lagi warna bajumu kala itu
114,0,kue coklat balon warna warni pesta hari ulang tahunku
115,0,dimanapun kalian berada kukirimkan terima kasih untuk warna dalam hidupku dan banyak kenangan indah kau melukis akuu
116,0,dimanapun kalian berada kukirimkan terima kasih untuk warna dalam hidupku dan banyak kenangan indah kau melukis akuu
117,0,dimanapun kalian berada kukirimkan terima kasih untuk warna dalam hidupku dan banyak kenangan indah kau melukis akuu
118,0,dimanapun kalian berada kukirimkan terima kasih untuk warna dalam hidupku dan banyak kenangan indah kau melukis akuu
119,0,lembaran foto hitam putih kembali teringat malam kuhitung hitung bintang
120,0,satu hal yang membuat bergairah saat bersama suami yaitu dijambak rambutnya
121,0,saya selalu bercengkerama dengan keluarga setiap sore hari setelah kerja
122,0,Shihlin ada cashback 75% di grab! Wkwk
123,0,Tim A akhirnya mencetak gol setelah tendangan keras bola ke gawang oleh pemain nomor 10
124,0,Sungguh sangat disayangkan kata kata netizen indonesia yang hanya diketik lewat kolom komentar bisa membuat hati orang terluka.
125,0,Kupat kecemplung santen sedoyo lepat nyuwun pangapunten
126,0,acara dilaksanakan pada Kamis 6 Mei pukul 16.00 sampai bada magrib.
127,0,Tadi sore mandiin kuceng habis itu sekalian beli kopi
128,0,Belom sempet nganterin masih di tahap nawarin doang
129,0,Soal proses hukum akan diserahkan ke pihak terkait
130,0,mirip 1 ustadz bikin sayembara 1 milyar buat bunuh ahok 2 alfian tanjung yg minta kepala ahok dipancangkan di tiang list 
131,0,kalau memang bukan pilihan mau menyanjung dan
132,0,edy apa urusan anda menanyakan itu bang mandra emang ngapasi gabolehhooombong amat pssi indonesia edyo 
133,0,demi apa malam ini disuguhi tulisan seperti ini oleh kak kurasa kak harus menjawabnya biar setidaknya a 
134,0,me ketika ditanya kok belum lulus lulus juga 
135,0,duh mau nyimak aja karena bingung juga mau belii returning aol apa centella
136,0,hah ya sudahlah mau gmn lagi 
137,0,sumpah aku pingin move on dari ini
138,0,masih mengatakan mereka oknum ya mereka hanya 'oknum' karena yang diproses hanya sekitar 16 orang saja tetapi apakah or
139,0,ini aneh kenapa membahas masalah kesehatan tingkat nasional dan defisit bpjs ke pak prabowo memangnya yg jadi presiden s
140,0,terbuka fikirannya apa terbuka pengalaman
141,0,dimana ada kompetisi disitu ada rivalitas pertanyaan bisakah di otak dan keadaan yg real dan manusia normal riva
142,0,hati hati dengan kata kata mereka bisa membuat otakmu tumpul atau tajam tergantung apa yang kamu serap asah kesadaran
143,0,otw masuk pesawat pramugari bisa lihat nomor seatnya pak pak ketua apa hak anda menanyakan itu
144,0,jika tidak bisa berbuat lebih untuk mempertahankan kekuasaan jangan bertindak bodoh mempercepat perubahan ganti sistem
145,0,malu kan nak jawab 'taktahu' tapi tahulah kamu bahawa tak tahu itu separuh daripada ilmu yang bermaksud kamu tahu yang
146,0,dan mohonlah ampun kepada allahesungguhnya allah maha pengampun lagi maha penyayang 4 106
147,0,setelahumatra kini kalimantan barat menolak acara gp ansor dan menolak yakut dan abu jendiss datang ke kalimantan bar
148,0,ayo bu karen buka bukaan semua siapa saja yang terlibat seperti apa yang dilakukan bu eni maulaniaragih jangan mau sendiri
149,0,mbak atau mas pertanyaan saya sederhana anda sibuk ngurusin meme ok fine lalu ken
150,0,praktek striping induk betina patiniam oleh siswimkn 01iberida riau daniswamkn 01tembilahan ulu riau
151,0,hahahahaha kalau tk kaki pukul kaki apa pulak skg
152,0,untuk amortization boleh juga guna loan amortization schedule dekat excel masukkan a amaun pembiayaan b kadar pe
153,0,bisa gak nih kita praktekin gini nanti 
154,0,gue kalo mau ikut misa di katedral kalo pintunya dibuka ya
156,0,hari tani danimbolimbol agama perusahaan perusahaan tambang sepertiemen indonesia dan indocement yang menyengs
157,0,ada sikit kongsi cara sikit takdak apa jangan dok pandai kongsi apa rosak masyarakat harini bila dia taktaw apa2 tent
158,0,saya ingin tanya kenapa kamu salut sm ibu itu tapi takut di balas apa urusan say
159,0,internasionaleminar on low theme dynamies of cohesive multi radicialociety belajarlah dan perbaiki niat
160,0,korang dengar ni skeletal muscle boleh regenerate maksudnya dia boleh repair sendiri kalau jadi apa apa tapi cardiac
161,0,kamu apa kabar ya sudah bahagia belum di sana 
162,0,saya ingin tanya kenapa kamu salut sm ibu itu tapi takut di balas apa urusan say
163,0,maaf min mau nnya lg nih nyambung ke tadi nih min kalau omzet rumah makan dan dagang kopi yg jika le
164,0,latih kecerdasan intrapersonal anak kecerdasan intrapersonal adalah kemampuan anak mengenal dirinya mengenal emosinya
165,0,aku padamu nder aku ni kelamaan nunggu npc bersatu jadi rada belok ke nct deh tau mereka ber9 bareng
167,0,bnyk sebab mungkin family mungkin paras rupa mungkin blm sedia dan mungkin bila nanti kita akan bertemu
168,1,Ibu menahan sakit lebam yang diterimanya karena pukulan ayah. 
169,1,bekas pukulan yang diberikan oleh dia masih berbekas di lengan
170,1,pacarku memukulku ketika aku tidak menuruti keinginanya
171,1,dia sudah melakukan kekerasan kepadaku sejak bulan lalu 
172,1,aku ga bermaksud apa apa ketika aku menyinggung tentang mantanya tapi dia tidak suka dengan pertanyaanku dia langsung menamparku sampai berbekas
173,1,kemarin dia sangat emosi dan meluapkan semuanya kepada ku sampai dia menamparku juga
174,1,dia sering menendangku lalu meminta maaf lalu dia melakukannya lagi kepadaku
175,1,dia ketahuan selingkuh ketika aku datang meminta penjelasan dia langsung memukulku serta memarahiku 
176,1,bagian leherku masih terasa sakit karena suamiku memukulku dengan raket 
177,1,muka saya dipukul dan rambut saya dijambak bahkan pernah beberapa kali melempar piring ke arah saya
178,1,dia sering mencengkeram dengan keras hingga memar membekas di pergelangan tangan saya apabila marah
179,1,Aku kaget mendengar suara pintu dibanting dan tiba tiba saja dia masuk ke ruangan dimana aku berada. Wajahnya terlihat penuh amarah. Dia bejalan mendekat melemparkan botol kaca yang dibawanya ke lantai lalu menonjok wajahku 
180,1,Pengemis itu ditendang oleh seorang laki laki yang baru saja keluar dari toko
181,1,Seorang remaja berusia 16 tahun di Amuntai diperkosa oleh 17 orang pemuda secara bergiliran.
182,1,bob melihat adiknya ditarik paksa oleh ayahnya namun tidak bisa berbuat apa-apa
183,1,Seorang anak perempuan dibunuh oleh ibu angkatnya dengan kejam lalu dikubur di bekas kandang ayam di halaman belakang rumahnya
184,1,Tino mengangkat sapu dan memukuli bocah itu. Suara tangis kesakitan Arie pada pukul 22.30 WIB sayup-sayup didengar tetangganya.
185,1,Luka bekas sundutan rokok dan jeratan tali juga ditemukan di lehernya
"186,1,disebut ""penggoda"" ""kotor"" padahal saya hanya menolak dan malah ditonjok"
187,1,DL bocah berusia 5 tahun tewas setelah dipukul dan didorong ibu tirinya
188,1,Nabila mengaku pernah ditempelkan benda panas di pipinya dan pernah disetrika
189,1,Nabila mengaku pernah ditempelkan benda panas di pipinya dan pernah disetrika
190,1,Nabila mengaku pernah ditempelkan benda panas di pipinya dan pernah disetrika
191,1,Nabila mengaku pernah ditempelkan benda panas di pipinya dan pernah disetrika
192,1,Nabila mengaku pernah ditempelkan benda panas di pipinya dan pernah disetrika
193,1,Pipinya digituin sama sodet panas sama tante (ibu tiri) dan disetrika sama nenek
194,1,Pipinya digituin sama sodet panas sama tante (ibu tiri) dan disetrika sama nenek
195,1,Pipinya digituin sama sodet panas sama tante (ibu tiri) dan disetrika sama nenek
196,1,Pipinya digituin sama sodet panas sama tante (ibu tiri) dan disetrika sama nenek
197,1,Wajahnya dilukai dengan alat memasak dan kepalanya dicocok dengan menggunakan gunting rumput
198,1,tega memukul anak tirinya Lia (10) dengan sapu hingga kuku jari tengah korban copot
199,1,Suyanti memukul kepala korban karena melakukan hal serupa
200,1,Suyanti juga menganiaya Lia karena tak menghabiskan makanannya 
201,1,Dalam rekaman CCTV tersebut terlihat pelaku secara tiba-tiba mendatangi korban lalu mencekik leher korban
202,1,ayah tiri tega memukuli anaknya dengan kayu hingga luka parah di bagian kepala.
203,1,ayah tiri tega memukuli anaknya dengan kayu hingga luka parah di bagian kepala.
204,1,ayah tiri tega memukuli anaknya dengan kayu hingga luka parah di bagian kepala.
205,1,ayah tiri tega memukuli anaknya dengan kayu hingga luka parah di bagian kepala.
206,1,RM babak belur pada bagian mukanya. Bagian kepala RM mengalami luka akibat benturan benda tumpul
207,1,Yadi langsung menjambak rambut RM dan membenturkan wajah RM beberapa kali ke salah satu tiang di rumah Yadi
208,1,terakhir gara-gara saya mengantarkan makanan buka puasa ke Nenek wajah saya dibentur-benturkan ke tiang di rumah bapak tiri saya
209,1,bayi berusia tujuh bulan dipukul hingga menderita luka lebam
210,1,Tampak dalam video balita itu dipukuli pada bagian dadanya hingga menyesak
211,1,Gadis berinisial SS yang masih berusia enam tahun ditemukan tetangganya dalam kondisi mengenaskan kakinya patah mengalami luka bakar dan ditemukan luka bekas sudutan rokok serta wajah memar
212,1,tega menyiksa anaknya yang berusia 10 tahun dengan menyiram tubuh anaknya tersebut menggunakan air panas
213,1,Selain menyiramkan air panas ke tubuh korban janda muda ini juga memukul kepala korban dengan panci dan membenturkannya ke tembok
214,1,dia tega menganiaya hingga bayi tersebut mengalami patah tulang kaki dan keruskan hebat di syaraf leher
215,1,bahkan tubuh mungil sang bayi juga mengalami kekerasan lainnya. Ditendang dan diinjak hingga mengalami patah kaki kiri dan syaraf leher tak berfungsi
216,1,Marisa yang juga kerap mendapat penganiayaan dan ancaman hanya bisa menangis pilu melihat penderitaan sang anak
217,1,Setelah diajak ke semak-semak pelaku mendorong korban ke semak-semak dan langsung terjadi aksi pencabulan
218,1,akibat dari pemukulan itu dia memiliki sejumlah luka memar dan lebam di badannya 
219,1,terdapat luka pukul di di punggung atas dan paha kanan bawah serta sudutan rokok di lengan
220,1,sebelum menganiyaya dia menjambak rambutnya dan menarik paksa untuk masuk ke dalam kamar mandi
221,1,anaknya yang masih berusia 4 tahun telah dipukul dan ditampar oleh pelaku
222,1,anak saya sudah mencoba lari ke rumah. Tapi masih dikejar oleh pelaku. Dia (korban) mengalami memar di pipi dan kening
223,1,cucunya mengalami luka memar di sekujur tubuh dan tulang rusuk patah
224,1,pukulan yang diiberikan oleh ibunya tidak hanya sekali dua kali melainkan sudah berjalan hampir sebulan
225,1,saya sudah mencoba untuk menjelaskan namun tetap tidak didengar dan malah mendapatkanan tendangan hingga jatuh dan kepala luka akibat terbentur ujung dipan
226,1,tidak tau apa yang membuatnya berubah. Saya diikat di tampar dan bahkan disekap hanya karna takut pindah kelain hati
227,1,tidak tau apa yang membuatnya berubah. Saya diikat di tampar dan bahkan disekap hanya karna takut pindah kelain hati
228,0,apa salahnya kalo kita jalan kaki ke sana? Kita bisa kurangi polusi kan…
229,0,Biarin aja mereka bilang apa yang penting itu gk menyangkut kita. mereka yang pahamnya kurang
230,0,santai aja bang @riyad.. gua uda pernah ngalamin yang lebih parah
231,1,Dia pikir hal itu biasa aja. bahkan saat tau badanku penuh dengan memar akibat pukulannya dia tidak bereaksi sama sekali
232,1,5 tahun bersama awalnya cuma cubit ringan tpi lama-lama makin kesini malah makin menjadi tamparan pukulan dan tendangan 
233,1,Anisa terima jika ia dipukul sampai luka bahkan sampai mati. tapi ia tidak terima jika anaknya diperlakukan sama sepertinya dirinya
234,0,yang namanya koruptor itu emang pada sama semua mau kek apa motifnya tetep makan uang rakyat ahahaha
235,0,yang namanya koruptor itu emang pada sama semua mau kek apa motifnya tetep makan uang rakyat ahahaha
236,1,Maryudi memukul anaknya yang berumur 10 tahun itu karena kesal anaknya tidak mau nurut saat disuruh pulang kerumah saat hari sudah sore
237,0,sungguh aneh lawakan2 skrg. aib orang dijadikan bahan candaan wkwkwk
238,1,kita sudah hidup bersama hampir 7 bulan setelah menikah. tapi semenjak suami kena PHK akibat covid-19 akhir-akhir ini dia suka main tangan berkata kasar dll. dia bahkan gk segan menendang saya jika ada hal yang gk sesuai keinginannya.
239,1,Aku hanya takut hal itu akan membuat anakku trauma. Ayahnya acap kali membentak dan memukulnya walau hanya masalah sepele
240,1,seorang ayah tega membanting dan mengijak putrinya yang masih berumur 4 tahun hanya karena menangis dan mencari-mencari ibunya yang pada saat itu sedang bekerja
241,1,Setelah di periksa ditemukan banyak luka memar pada tubuhnya. selain itu terdapat benjolan cukup besar akibat benturan di bagian samping kiri kepalanya
242,0,Apa boleh buat kita yang tau keadaan lapangan hanya bisa diam akibat ulahnya. LANJUTIN AJA TERUS BANGG!!! kita uda lelah 
243,0,hiyaaa mereka uda pada kali yakk hahahaha
244,0,apa sih yang gk buat kau neng aku ini ikhlas semuanya yang penting cepet sah aje
245,0,hahahaha... kadang suka ketawa aja kalo lihat bapaknya suka repot kalo mau mandiin si dedek
246,1,Adit dicambuk ibunya dengan ikat pinggag sekolahnya. Meskipun adit anak tirinya bukan berarti seorang ibu pengganti bisa bertindak demikian
247,0,kok bisa toh boss sampe nyungsep kek gitu
248,0,saya hanya menyarankan guys jgn di judge dong
249,0,kata orang dulu kalo kita sabar dan ikhlas dalam melakukan sesuatu pasti nanti hasilnya juga baik kok. nikmatin aja dulu prosesnya jgn terburu-buru gan
250,1,saya dan anak saya waktu itu hanya bisa diam dengan semua hal yang dia lakukan. karena saya takut hanya akan membongkar aib keluarga meskipun pada kenyataan kami harus tahan dengan pukulan dan tendangan yang selalu ia lakukan 
251,1,aku bukannya tidak ingin melaporkan. bahkan meminta tolong ke orang sekitar saja tidak berani. dia selalu menarik paksa dan mengancam tdk dapat bertemu keluarga saya lagi jika saya laporkan hal ini
252,1,Mirnah mengaku hanya pernah memukul dion sekali saja dengan tongkat. namun luka dan memar yang ada pada tubuh dion dapat dipastikan tidak hanya sekali 
253,0,yang ingin berdonasi untuk korban gempa di palu kita dapat menggunakan langsung google pencarian dgn ketik palu
254,0,batik adalah identitas kita yang mendunia jokowi hari batik nasional 2015 haribatiknasional 
255,1,Arim masih tidak mau bicara. ia masih trauma dengan tindakan paman dan bibinya yang selama 2 bulan terakhir kerap memukul mencubit dan bahkan menendangnya 
256,1,paman dan tantenya melakukan itu kerena ortu korban selalu telat memberikan uang bulanan untuk merawat keponakan mereka alhasil pemukulan dan kekerasan lainnya dilakukan sebagai pelampiasan
257,1,Temannya hampir tidak sadarkan diri. karena terlalu emosi dia bahkan berani menjambak dan menarik paksa temannya ia juga memukulnya dengan tongkat baseball hingga patah tulang rusuk
258,0,pernah gak sih belum ketemu sama sekali dg orang tetapi udah disapa dg tau nama dan asal sekolah bu gak ikut jad
259,0,asal jangan nanti banding dihapus semua hukumannya kita sering dikasih berita hukuman berat diawal tp ternyata
260,0,tanpa disadari batik selalu ada dan telah menemani kita di setiap momennya dari sejak lahir sekolah bahkan hingga menikah 
261,0,terkadang aku berharap dapat membaca hati orang melongok ke dalam sanubari mereka membaca apa yang tertulis
262,0,napa yah d grup tuh pada minta maaf bikin takut aja banyak berita dan broadcast kiamat udah dekat
263,0,lagi dengerin dosen ngajar dikelas variabelnya berapa 3 kalo saya sih bisa dijadiin 2 dikurangin nama nama
264,1,pacarnya yang posesif membuatnya harus mengalami pengalaman menyedihkan. ia selalu dipukul ditampar dan dimaki bahkan hanya karna ia jalan dgn teman2nya
265,1,aku mencoba menolak tpi malah medapatkan tamparan yang cukup keras. dia juga hampir merobek bajuku
266,0,demi langit dan yang datang pada malam hari tahukah kamu apakah yang datang pada malam hari itu bintang yang cahaya
267,1,Agni mencoba meminta tolong tpi tak ada yang percaya hingga teman SMAnya berkunjung dan menyadari Agni memiliki banyak bekas luka dan luka yang terlihat masih baru. juga terdapat beberapa luka lebam
268,0,duit dalam bank pon dah xselamat sekarang 
269,1,suami saya selalu pulang dengan marah-marah dan membentak siapapun yang ada dirumah. anaknya sendiripun jadi object pukulannya
270,0,kamu doang yang beranggapan gini
271,1,ada banyak luka  cambuk di punggungnya. dan luka bekas ikatan di pergelangan tangannya 
272,1,bisa saja terjadi hal yang lebih parah dari ini. dia sudah terlihat kurus dan tak terawat ada beberapa memar di mulut dan keningnya
273,0,udah biasa apasih yang gak trending kalo tentang mereka
